run_id,task,condition,trial,success,wall_ms,duration_api_ms,num_turns,total_cost_usd,input_tokens,output_tokens,cache_read,cache_creation,result_length,stop_reason,total_tool_calls,standard_calls,lsp_calls,mcp_calls,lsp_ratio,mcp_ratio,first_tool,tool_sequence
20260317_194106,t1_call_chain,BASE,1,true,135061,112996,10,0.245274,9,7609,98329,27097,13127,end_turn,8,8,0,0,0.0,0.0,Glob,Glob;Read;Glob;Glob;Read;Read;Read;Read
20260317_194106,t1_call_chain,BASE,2,true,110547,88565,9,0.195273,8,5427,68279,24896,12385,end_turn,7,7,0,0,0.0,0.0,Glob,Glob;Glob;Read;Glob;Glob;Read;Read
20260317_194106,t1_call_chain,BASE,3,true,119194,97320,11,0.201887,10,4575,127683,25314,11234,end_turn,9,9,0,0,0.0,0.0,Glob,Glob;Read;Glob;Glob;Read;Read;Glob;Glob;Read
20260317_194106,t1_call_chain,BASE,4,true,116040,94330,9,0.20063,517,5242,68110,26671,9011,end_turn,7,7,0,0,0.0,0.0,Glob,Glob;Glob;Read;Read;Glob;Read;Read
20260317_194106,t1_call_chain,BASE,5,true,126712,104741,10,0.216652,8,6948,70142,24364,13474,end_turn,8,8,0,0,0.0,0.0,Glob,Glob;Glob;Read;Read;Glob;Glob;Read;Read
20260317_194106,t1_call_chain,LSP_GUIDED,1,true,141468,119592,10,0.31292,9,6982,128240,45251,11112,end_turn,9,8,0,0,0.0,0.0,Bash,Bash;ToolSearch;Glob;Glob;Read;Read;Glob;Read;Read
20260317_194106,t1_call_chain,LSP_GUIDED,2,true,120605,99054,11,0.232992,9,6107,153112,25447,8510,end_turn,10,9,0,0,0.0,0.0,Bash,Bash;ToolSearch;Glob;Read;Glob;Glob;Grep;Grep;Read;Read
20260317_194106,t1_call_chain,LSP_GUIDED,3,true,116850,95232,13,0.260179,178,5248,201885,32096,12261,end_turn,12,11,0,0,0.0,0.0,Bash,Bash;ToolSearch;Glob;Read;Glob;Read;Glob;Glob;Read;Read;Glob;Grep
20260317_194106,t1_call_chain,LSP_GUIDED,4,true,145034,123240,11,0.250617,9,7325,153386,25253,8083,end_turn,10,9,0,0,0.0,0.0,Bash,Bash;ToolSearch;Glob;Read;Glob;Glob;Grep;Grep;Read;Read
20260317_194106,t1_call_chain,LSP_GUIDED,5,true,139494,116436,9,0.246104,12,6775,167489,25119,11252,end_turn,8,6,1,0,0.125,0.0,Bash,Bash;ToolSearch;Glob;LSP;Read;Read;Read;Read
20260317_194106,t1_call_chain,LSP,1,true,105822,83682,8,0.217944,7,5149,98899,29605,8848,end_turn,6,6,0,0,0.0,0.0,Glob,Glob;Glob;Read;Read;Glob;Glob
20260317_194106,t1_call_chain,LSP,2,true,103991,82241,8,0.223978,7,4577,100898,33342,12340,end_turn,6,6,0,0,0.0,0.0,Glob,Glob;Glob;Read;Read;Read;Read
20260317_194106,t1_call_chain,LSP,3,true,128141,106084,12,0.235343,518,5682,165422,26382,11342,end_turn,10,10,0,0,0.0,0.0,Glob,Glob;Glob;Read;Read;Glob;Glob;Grep;Grep;Read;Read
20260317_194106,t1_call_chain,LSP,4,true,137941,116037,10,0.251091,8,5810,132576,33105,8647,end_turn,8,8,0,0,0.0,0.0,Glob,Glob;Glob;Read;Read;Glob;Glob;Read;Read
20260317_194106,t1_call_chain,LSP,5,true,175597,153410,10,0.303739,8,6402,152545,43179,11637,end_turn,8,8,0,0,0.0,0.0,Glob,Glob;Glob;Read;Read;Glob;Glob;Read;Read
20260317_194106,t1_call_chain,TG_GUIDED,1,true,134882,101856,12,0.191009,14,6025,153358,14556,10466,end_turn,10,0,0,10,0.0,1.0,mcp__type-guessr__get_method_sources,mcp__type-guessr__get_method_sources;mcp__type-guessr__get_method_sources;mcp__type-guessr__get_method_sources;mcp__type-guessr__get_method_sources;mcp__type-guessr__get_method_signatures;mcp__type-guessr__get_method_sources;mcp__type-guessr__get_method_sources;mcp__type-guessr__search_methods;mcp__type-guessr__get_method_sources;mcp__type-guessr__get_method_sources
20260317_194106,t1_call_chain,TG_GUIDED,2,true,162256,129327,12,0.216893,13,7917,136870,15210,13434,end_turn,10,0,0,10,0.0,1.0,mcp__type-guessr__get_method_sources,mcp__type-guessr__get_method_sources;mcp__type-guessr__get_method_sources;mcp__type-guessr__get_method_sources;mcp__type-guessr__get_method_sources;mcp__type-guessr__get_method_sources;mcp__type-guessr__get_method_sources;mcp__type-guessr__search_methods;mcp__type-guessr__get_method_sources;mcp__type-guessr__get_method_sources;mcp__type-guessr__search_methods
20260317_194106,t1_call_chain,TG_GUIDED,3,true,175400,142193,16,0.214765,13,7984,145403,13692,13047,end_turn,14,0,0,14,0.0,1.0,mcp__type-guessr__get_method_sources,mcp__type-guessr__get_method_sources;mcp__type-guessr__get_method_sources;mcp__type-guessr__get_method_sources;mcp__type-guessr__get_method_sources;mcp__type-guessr__search_methods;mcp__type-guessr__search_methods;mcp__type-guessr__search_methods;mcp__type-guessr__get_method_sources;mcp__type-guessr__search_methods;mcp__type-guessr__get_method_sources;mcp__type-guessr__search_methods;mcp__type-guessr__get_method_sources;mcp__type-guessr__search_methods;mcp__type-guessr__get_method_sources
20260317_194106,t1_call_chain,TG_GUIDED,4,true,126113,93471,11,0.137706,11,4491,109684,9974,8890,end_turn,9,0,0,9,0.0,1.0,mcp__type-guessr__get_method_sources,mcp__type-guessr__get_method_sources;mcp__type-guessr__get_method_sources;mcp__type-guessr__get_method_sources;mcp__type-guessr__get_method_sources;mcp__type-guessr__search_methods;mcp__type-guessr__search_methods;mcp__type-guessr__get_method_sources;mcp__type-guessr__search_methods;mcp__type-guessr__get_method_sources
20260317_194106,t1_call_chain,TG_GUIDED,5,true,144628,110678,15,0.208323,14,5731,169946,19022,11403,end_turn,14,1,0,13,0.0,0.929,Bash,Bash;mcp__type-guessr__get_method_sources;mcp__type-guessr__get_method_sources;mcp__type-guessr__get_method_sources;mcp__type-guessr__get_method_sources;mcp__type-guessr__get_method_sources;mcp__type-guessr__search_methods;mcp__type-guessr__get_method_sources;mcp__type-guessr__get_method_sources;mcp__type-guessr__search_methods;mcp__type-guessr__get_method_sources;mcp__type-guessr__search_methods;mcp__type-guessr__search_methods;mcp__type-guessr__get_method_sources
20260317_194106,t1_call_chain,TG_NATURAL,1,true,179171,146270,13,0.237638,13,8175,147021,18898,12418,end_turn,11,0,0,11,0.0,1.0,mcp__type-guessr__get_method_sources,mcp__type-guessr__get_method_sources;mcp__type-guessr__get_method_sources;mcp__type-guessr__get_method_sources;mcp__type-guessr__get_method_sources;mcp__type-guessr__get_method_sources;mcp__type-guessr__search_methods;mcp__type-guessr__get_method_sources;mcp__type-guessr__get_method_sources;mcp__type-guessr__get_method_sources;mcp__type-guessr__search_methods;mcp__type-guessr__get_method_sources
20260317_194106,t1_call_chain,TG_NATURAL,2,true,111128,78351,11,0.140667,11,4189,105594,12299,7909,end_turn,9,1,0,8,0.0,0.889,mcp__type-guessr__get_method_sources,mcp__type-guessr__get_method_sources;mcp__type-guessr__get_method_sources;mcp__type-guessr__get_method_sources;mcp__type-guessr__get_method_sources;mcp__type-guessr__get_method_sources;mcp__type-guessr__search_methods;mcp__type-guessr__get_method_sources;Read;mcp__type-guessr__get_method_sources
20260317_194106,t1_call_chain,TG_NATURAL,3,true,112515,79458,15,0.155357,14,4282,155754,11829,7655,end_turn,13,1,0,12,0.0,0.923,mcp__type-guessr__get_method_sources,mcp__type-guessr__get_method_sources;mcp__type-guessr__get_method_sources;mcp__type-guessr__get_method_sources;mcp__type-guessr__get_method_sources;mcp__type-guessr__get_method_sources;mcp__type-guessr__get_method_sources;mcp__type-guessr__search_methods;mcp__type-guessr__get_method_sources;mcp__type-guessr__get_method_sources;mcp__type-guessr__get_method_sources;mcp__type-guessr__search_methods;Read;mcp__type-guessr__get_method_sources
20260317_194106,t1_call_chain,TG_NATURAL,4,true,136032,103120,17,0.18364,18,5413,230016,8903,10324,end_turn,15,4,0,11,0.0,0.733,mcp__type-guessr__get_method_sources,mcp__type-guessr__get_method_sources;mcp__type-guessr__get_method_sources;mcp__type-guessr__get_method_sources;mcp__type-guessr__get_method_sources;mcp__type-guessr__get_method_sources;mcp__type-guessr__get_method_sources;mcp__type-guessr__get_method_sources;Grep;Grep;Grep;Read;mcp__type-guessr__search_methods;mcp__type-guessr__search_methods;mcp__type-guessr__get_method_sources;mcp__type-guessr__get_method_sources
20260317_194106,t1_call_chain,TG_NATURAL,5,true,153055,120612,18,0.170967,16,5398,195879,8316,10115,end_turn,16,2,0,14,0.0,0.875,mcp__type-guessr__get_method_sources,mcp__type-guessr__get_method_sources;mcp__type-guessr__get_method_sources;mcp__type-guessr__get_method_sources;mcp__type-guessr__get_method_sources;mcp__type-guessr__get_method_signatures;mcp__type-guessr__search_methods;mcp__type-guessr__search_methods;mcp__type-guessr__get_method_sources;mcp__type-guessr__get_method_sources;mcp__type-guessr__search_methods;mcp__type-guessr__get_method_sources;mcp__type-guessr__get_method_sources;mcp__type-guessr__get_method_sources;mcp__type-guessr__search_methods;Grep;Read
20260317_194106,t2_infer_dispatch,BASE,1,true,63767,42011,4,0.100215,6,2433,27604,14779,3977,end_turn,2,2,0,0,0.0,0.0,Glob,Glob;Read
20260317_194106,t2_infer_dispatch,BASE,2,true,74416,52780,4,0.053833,6,2740,42383,0,4568,end_turn,2,2,0,0,0.0,0.0,Glob,Glob;Read
20260317_194106,t2_infer_dispatch,BASE,3,true,73385,51945,4,0.100158,6,2945,29836,12537,4168,end_turn,2,2,0,0,0.0,0.0,Glob,Glob;Read
20260317_194106,t2_infer_dispatch,BASE,4,true,62838,41399,4,0.050323,6,2506,42383,0,4085,end_turn,2,2,0,0,0.0,0.0,Glob,Glob;Read
20260317_194106,t2_infer_dispatch,BASE,5,true,63919,42432,4,0.093154,6,2507,29966,12411,4469,end_turn,2,2,0,0,0.0,0.0,Glob,Glob;Read
20260317_194106,t2_infer_dispatch,LSP_GUIDED,1,true,99259,76101,6,0.187563,10,4244,108911,24320,4990,end_turn,4,2,1,0,0.25,0.0,ToolSearch,ToolSearch;Glob;LSP;Read
20260317_194106,t2_infer_dispatch,LSP_GUIDED,2,true,96396,73167,6,0.191426,10,4352,108260,24970,4999,end_turn,4,2,1,0,0.25,0.0,ToolSearch,ToolSearch;Glob;LSP;Read
20260317_194106,t2_infer_dispatch,LSP_GUIDED,3,true,76716,54099,6,0.148591,12249,3173,67926,11699,5041,end_turn,4,2,1,0,0.25,0.0,Glob,Glob;ToolSearch;LSP;Read
20260317_194106,t2_infer_dispatch,LSP_GUIDED,4,true,78009,54813,6,0.131242,12249,2025,67910,11666,4907,end_turn,4,2,1,0,0.25,0.0,ToolSearch,ToolSearch;Glob;LSP;Read
20260317_194106,t2_infer_dispatch,LSP_GUIDED,5,true,104658,81009,6,0.202478,9,5638,88937,24320,5505,end_turn,4,2,1,0,0.25,0.0,ToolSearch,ToolSearch;Glob;LSP;Read
20260317_194106,t2_infer_dispatch,LSP,1,true,68704,47036,4,0.144563,6,2711,66903,22349,4778,end_turn,2,2,0,0,0.0,0.0,Glob,Glob;Read
20260317_194106,t2_infer_dispatch,LSP,2,true,82271,60692,4,0.159054,6,3654,66731,22455,4952,end_turn,2,2,0,0,0.0,0.0,Glob,Glob;Read
20260317_194106,t2_infer_dispatch,LSP,3,true,94891,73238,4,0.158698,6,3662,66872,22317,4997,end_turn,2,2,0,0,0.0,0.0,Glob,Glob;Read
20260317_194106,t2_infer_dispatch,LSP,4,true,62507,40885,4,0.131469,6,1847,66870,22316,4863,end_turn,2,2,0,0,0.0,0.0,Glob,Glob;Read
20260317_194106,t2_infer_dispatch,LSP,5,true,92475,70958,4,0.157719,6,3597,66870,22316,5231,end_turn,2,2,0,0,0.0,0.0,Glob,Glob;Read
20260317_194106,t2_infer_dispatch,TG_GUIDED,1,true,106684,72327,5,0.172682,7,4458,51512,24090,5195,end_turn,3,1,0,2,0.0,0.667,mcp__type-guessr__search_methods,mcp__type-guessr__search_methods;mcp__type-guessr__get_method_sources;Read
20260317_194106,t2_infer_dispatch,TG_GUIDED,2,true,171402,137333,6,0.231532,8,10832,67106,13039,5069,end_turn,4,1,0,3,0.0,0.75,mcp__type-guessr__search_methods,mcp__type-guessr__search_methods;mcp__type-guessr__get_method_sources;mcp__type-guessr__get_method_sources;Read
20260317_194106,t2_infer_dispatch,TG_GUIDED,3,true,118164,84223,7,0.161329,7,6159,53882,14069,5215,end_turn,5,2,0,3,0.0,0.6,mcp__type-guessr__search_methods,mcp__type-guessr__search_methods;mcp__type-guessr__get_method_sources;mcp__type-guessr__get_method_sources;Read;Read
20260317_194106,t2_infer_dispatch,TG_GUIDED,4,true,123829,90712,8,0.165389,8,6254,76290,12978,4885,end_turn,6,3,0,3,0.0,0.5,mcp__type-guessr__search_methods,mcp__type-guessr__search_methods;mcp__type-guessr__get_method_sources;mcp__type-guessr__get_method_sources;Read;Read;Read
20260317_194106,t2_infer_dispatch,TG_GUIDED,5,true,100343,67465,6,0.135723,7,4831,53765,12562,4951,end_turn,4,1,0,3,0.0,0.75,mcp__type-guessr__search_methods,mcp__type-guessr__search_methods;mcp__type-guessr__get_method_sources;mcp__type-guessr__get_method_sources;Read
20260317_194106,t2_infer_dispatch,TG_NATURAL,1,true,72811,38548,5,0.103302,7,1882,41757,16673,4290,end_turn,3,2,0,1,0.0,0.333,mcp__type-guessr__search_methods,mcp__type-guessr__search_methods;Glob;Read
20260317_194106,t2_infer_dispatch,TG_NATURAL,2,true,81782,46416,6,0.103649,7,2751,53564,12345,4613,end_turn,4,2,0,2,0.0,0.5,mcp__type-guessr__search_methods,mcp__type-guessr__search_methods;Glob;mcp__type-guessr__get_method_sources;Read
20260317_194106,t2_infer_dispatch,TG_NATURAL,3,true,153988,118851,7,0.188442,7,8366,53658,12489,4897,end_turn,5,2,0,3,0.0,0.6,mcp__type-guessr__search_methods,mcp__type-guessr__search_methods;Glob;mcp__type-guessr__get_method_sources;mcp__type-guessr__get_method_sources;Read
20260317_194106,t2_infer_dispatch,TG_NATURAL,4,true,74626,41075,5,0.092388,6,2357,36187,12309,4205,end_turn,3,2,0,1,0.0,0.333,mcp__type-guessr__search_methods,mcp__type-guessr__search_methods;Glob;Read
20260317_194106,t2_infer_dispatch,TG_NATURAL,5,true,78097,43836,5,0.091822,6,2311,36187,12342,4459,end_turn,3,2,0,1,0.0,0.333,mcp__type-guessr__search_methods,mcp__type-guessr__search_methods;Glob;Read
20260317_194106,t3_ir_nodes,BASE,1,true,89180,67142,4,0.123016,6,4375,27719,13082,13106,end_turn,2,2,0,0,0.0,0.0,Glob,Glob;Read
20260317_194106,t3_ir_nodes,BASE,2,true,76127,54613,4,0.098817,6,3245,29830,10980,9701,end_turn,2,2,0,0,0.0,0.0,Glob,Glob;Read
20260317_194106,t3_ir_nodes,BASE,3,true,90955,69461,4,0.116085,6,4377,29678,11069,13922,end_turn,2,2,0,0,0.0,0.0,Glob,Glob;Read
20260317_194106,t3_ir_nodes,BASE,4,true,124681,103074,4,0.089946,6,5179,40810,0,16389,end_turn,2,2,0,0,0.0,0.0,Glob,Glob;Read
20260317_194106,t3_ir_nodes,BASE,5,true,96974,75611,4,0.086556,6,4953,40810,0,15494,end_turn,2,2,0,0,0.0,0.0,Glob,Glob;Read
20260317_194106,t3_ir_nodes,LSP_GUIDED,1,true,99743,78185,5,0.158472,6,4678,59831,18756,14858,end_turn,3,2,0,0,0.0,0.0,ToolSearch,ToolSearch;Glob;Read
20260317_194106,t3_ir_nodes,LSP_GUIDED,2,true,93195,71699,5,0.152772,6,4298,59831,18756,13291,end_turn,3,2,0,0,0.0,0.0,ToolSearch,ToolSearch;Glob;Read
20260317_194106,t3_ir_nodes,LSP_GUIDED,3,true,93417,70563,6,0.167041,10689,4054,67901,14345,12450,end_turn,4,2,1,0,0.25,0.0,ToolSearch,ToolSearch;Glob;LSP;Read
20260317_194106,t3_ir_nodes,LSP_GUIDED,4,true,100313,77688,6,0.178952,10689,4842,67918,14368,13930,end_turn,4,2,1,0,0.25,0.0,ToolSearch,ToolSearch;Glob;LSP;Read
20260317_194106,t3_ir_nodes,LSP_GUIDED,5,true,98694,75360,6,0.173187,10689,4463,67901,14348,13390,end_turn,4,2,1,0,0.25,0.0,ToolSearch,ToolSearch;Glob;LSP;Read
20260317_194106,t3_ir_nodes,LSP,1,true,99291,77636,4,0.17191,6,4902,66722,20892,16224,end_turn,2,2,0,0,0.0,0.0,Glob,Glob;Read
20260317_194106,t3_ir_nodes,LSP,2,true,105645,83854,4,0.174161,6,5050,66726,20900,16458,end_turn,2,2,0,0,0.0,0.0,Glob,Glob;Read
20260317_194106,t3_ir_nodes,LSP,3,true,102195,80503,4,0.176549,6,5243,66863,20754,17023,end_turn,2,2,0,0,0.0,0.0,Glob,Glob;Read
20260317_194106,t3_ir_nodes,LSP,4,true,92988,70894,4,0.167489,6,4639,66863,20754,14643,end_turn,2,2,0,0,0.0,0.0,Glob,Glob;Read
20260317_194106,t3_ir_nodes,LSP,5,true,101111,79181,4,0.174419,6,5101,66863,20754,15921,end_turn,2,2,0,0,0.0,0.0,Glob,Glob;Read
20260317_194106,t3_ir_nodes,TG_GUIDED,1,true,109780,75171,4,0.134298,6,5074,30389,13081,15795,end_turn,2,2,0,0,0.0,0.0,Glob,Glob;Read
20260317_194106,t3_ir_nodes,TG_GUIDED,2,true,104414,69752,4,0.085044,6,4799,43470,0,14817,end_turn,2,2,0,0,0.0,0.0,Glob,Glob;Read
20260317_194106,t3_ir_nodes,TG_GUIDED,3,true,107300,73716,4,0.083454,6,4693,43470,0,14874,end_turn,2,2,0,0,0.0,0.0,Glob,Glob;Read
20260317_194106,t3_ir_nodes,TG_GUIDED,4,true,109648,76081,4,0.084819,6,4784,43470,0,15227,end_turn,2,2,0,0,0.0,0.0,Glob,Glob;Read
20260317_194106,t3_ir_nodes,TG_GUIDED,5,true,96050,63046,4,0.113773,6,4195,32521,10953,13029,end_turn,2,2,0,0,0.0,0.0,Glob,Glob;Read
20260317_194106,t3_ir_nodes,TG_NATURAL,1,true,100068,66283,4,0.125699,6,4507,30035,13084,12454,end_turn,2,2,0,0,0.0,0.0,Glob,Glob;Read
20260317_194106,t3_ir_nodes,TG_NATURAL,2,true,102160,66990,4,0.119377,6,4547,32038,11078,14014,end_turn,2,2,0,0,0.0,0.0,Glob,Glob;Read
20260317_194106,t3_ir_nodes,TG_NATURAL,3,true,115902,81161,4,0.124516,6,4889,32042,11080,15913,end_turn,2,2,0,0,0.0,0.0,Glob,Glob;Read
20260317_194106,t3_ir_nodes,TG_NATURAL,4,true,130828,95246,4,0.120074,6,4622,32100,10959,14269,end_turn,2,2,0,0,0.0,0.0,Glob,Glob;Read
20260317_194106,t3_ir_nodes,TG_NATURAL,5,true,110880,75459,4,0.121181,6,4690,32140,10979,14713,end_turn,2,2,0,0,0.0,0.0,Glob,Glob;Read
20260317_194106,t4_registry_arch,BASE,1,true,90677,69215,9,0.172142,6,4067,28858,27323,11774,end_turn,7,7,0,0,0.0,0.0,Grep,Grep;Glob;Read;Read;Read;Read;Read
20260317_194106,t4_registry_arch,BASE,2,true,105961,84558,12,0.204545,5117,4443,73560,26795,11928,end_turn,10,10,0,0,0.0,0.0,Glob,Glob;Bash;Read;Read;Read;Read;Glob;Glob;Read;Read
20260317_194106,t4_registry_arch,BASE,3,true,156021,134335,20,0.431388,5123,7059,290554,59458,17599,end_turn,18,18,0,0,0.0,0.0,Bash,Bash;Read;Grep;Bash;Read;Read;Read;Read;Glob;Glob;Read;Read;Read;Read;Glob;Read;Read;Read
20260317_194106,t4_registry_arch,BASE,4,true,131140,109560,15,0.258028,12,5475,164447,33742,12901,end_turn,13,13,0,0,0.0,0.0,Bash,Bash;Grep;Grep;Bash;Read;Read;Read;Read;Read;Read;Read;Grep;Read
20260317_194106,t4_registry_arch,BASE,5,true,97214,75506,9,0.16731,6,4235,31202,25175,12074,end_turn,7,7,0,0,0.0,0.0,Glob,Glob;Grep;Read;Read;Read;Read;Read
20260317_194106,t4_registry_arch,LSP_GUIDED,1,true,108909,87373,12,0.247749,10,4815,133404,36126,12037,end_turn,11,10,0,0,0.0,0.0,Bash,Bash;ToolSearch;Glob;Read;Read;Read;Read;Glob;Glob;Glob;Read
20260317_194106,t4_registry_arch,LSP_GUIDED,2,true,104966,83682,11,0.2304,9,4532,100209,35288,11912,end_turn,10,9,0,0,0.0,0.0,Bash,Bash;ToolSearch;Glob;Read;Read;Read;Read;Glob;Read;Glob
20260317_194106,t4_registry_arch,LSP_GUIDED,3,true,99918,78423,10,0.223656,9,4110,100431,35160,10825,end_turn,9,8,0,0,0.0,0.0,Bash,Bash;ToolSearch;Glob;Read;Read;Read;Read;Glob;Read
20260317_194106,t4_registry_arch,LSP_GUIDED,4,true,115811,94100,15,0.255956,10,5236,124511,37342,12284,end_turn,14,8,5,0,0.357,0.0,Bash,Bash;ToolSearch;Glob;LSP;LSP;LSP;LSP;Glob;Read;Read;Read;Read;LSP;Read
20260317_194106,t4_registry_arch,LSP_GUIDED,5,true,118127,96349,20,0.296412,15,4993,285402,36227,10598,end_turn,18,11,6,0,0.333,0.0,ToolSearch,ToolSearch;Glob;LSP;LSP;LSP;LSP;Glob;Glob;LSP;LSP;Read;Read;Read;Read;Read;Read;Read;Read
20260317_194106,t4_registry_arch,LSP,1,true,91839,70292,11,0.226726,8,3792,130448,34850,9934,end_turn,9,9,0,0,0.0,0.0,Glob,Glob;Glob;Read;Read;Read;Read;Glob;Grep;Read
20260317_194106,t4_registry_arch,LSP,2,true,128283,106952,15,0.294689,9,5026,202070,42307,12734,end_turn,13,13,0,0,0.0,0.0,Glob,Glob;Grep;Glob;Read;Read;Read;Read;Read;Grep;Glob;Grep;Grep;Read
20260317_194106,t4_registry_arch,LSP,3,true,104830,82917,12,0.232019,8,4106,130943,34966,10686,end_turn,11,11,0,0,0.0,0.0,Bash,Bash;Glob;Glob;Glob;Read;Read;Read;Read;Glob;Glob;Read
20260317_194106,t4_registry_arch,LSP,4,true,85453,63763,11,0.221628,7,3575,111490,35876,9216,end_turn,9,9,0,0,0.0,0.0,Glob,Glob;Glob;Grep;Read;Read;Read;Read;Read;Grep
20260317_194106,t4_registry_arch,LSP,5,true,95635,74056,9,0.217501,7,3880,98497,34595,11117,end_turn,7,7,0,0,0.0,0.0,Glob,Glob;Grep;Read;Read;Read;Read;Read
20260317_194106,t4_registry_arch,TG_GUIDED,1,true,141704,104642,17,0.246278,12,5856,180394,27809,10742,end_turn,15,4,0,11,0.0,0.733,mcp__type-guessr__search_methods,mcp__type-guessr__search_methods;Grep;Glob;mcp__type-guessr__search_methods;mcp__type-guessr__get_method_sources;mcp__type-guessr__get_method_sources;mcp__type-guessr__get_method_sources;mcp__type-guessr__get_method_sources;mcp__type-guessr__get_method_sources;Glob;Grep;mcp__type-guessr__search_methods;mcp__type-guessr__get_method_sources;mcp__type-guessr__get_method_sources;mcp__type-guessr__get_method_sources
20260317_194106,t4_registry_arch,TG_GUIDED,2,true,143620,106729,11,0.230079,9,5982,110315,28594,13678,end_turn,9,3,0,6,0.0,0.667,mcp__type-guessr__search_methods,mcp__type-guessr__search_methods;Glob;mcp__type-guessr__get_method_sources;mcp__type-guessr__get_method_sources;mcp__type-guessr__get_method_sources;mcp__type-guessr__search_methods;mcp__type-guessr__get_method_sources;Glob;Read
20260317_194106,t4_registry_arch,TG_GUIDED,3,true,131541,92788,11,0.220079,9,4916,113893,29905,13846,end_turn,9,7,0,2,0.0,0.222,mcp__type-guessr__search_methods,mcp__type-guessr__search_methods;Glob;Read;Read;Read;Read;mcp__type-guessr__search_methods;Glob;Read
20260317_194106,t4_registry_arch,TG_GUIDED,4,true,139417,101388,12,0.214677,9,4793,102350,29880,12376,end_turn,10,8,0,2,0.0,0.2,mcp__type-guessr__search_methods,mcp__type-guessr__search_methods;Grep;Glob;mcp__type-guessr__search_methods;Read;Read;Read;Read;Glob;Read
20260317_194106,t4_registry_arch,TG_GUIDED,5,true,133521,95363,12,0.222974,10,4909,121147,30124,12861,end_turn,11,9,0,2,0.0,0.182,Bash,Bash;mcp__type-guessr__search_methods;Grep;Glob;mcp__type-guessr__search_methods;Read;Read;Read;Read;Glob;Read
20260317_194106,t4_registry_arch,TG_NATURAL,1,true,113560,79803,9,0.17848,6,4074,32510,28693,11654,end_turn,7,7,0,0,0.0,0.0,Grep,Grep;Glob;Read;Read;Read;Read;Read
20260317_194106,t4_registry_arch,TG_NATURAL,2,true,104803,70624,9,0.178202,6,4063,32510,28663,11600,end_turn,7,7,0,0,0.0,0.0,Grep,Grep;Glob;Read;Read;Read;Read;Read
20260317_194106,t4_registry_arch,TG_NATURAL,3,true,103516,69263,9,0.174282,6,4252,34493,26703,12229,end_turn,7,7,0,0,0.0,0.0,Grep,Grep;Glob;Read;Read;Read;Read;Read
20260317_194106,t4_registry_arch,TG_NATURAL,4,true,131351,97819,10,0.180672,7,4070,58394,27222,11192,end_turn,8,8,0,0,0.0,0.0,Glob,Glob;Bash;Read;Read;Read;Read;Glob;Read
20260317_194106,t4_registry_arch,TG_NATURAL,5,true,115479,81832,10,0.199872,7,4729,68308,28913,12584,end_turn,8,8,0,0,0.0,0.0,Grep,Grep;Bash;Read;Read;Read;Read;Read;Read
20260317_194106,t5_type_system,BASE,1,true,136968,115571,10,0.233254,1666,5789,102179,29538,14125,end_turn,8,8,0,0,0.0,0.0,Glob,Glob;Glob;Read;Glob;Read;Read;Read;Grep
20260317_194106,t5_type_system,BASE,2,true,137538,115690,11,0.24169,10,6027,118382,30864,14673,end_turn,9,9,0,0,0.0,0.0,Glob,Glob;Glob;Glob;Bash;Read;Read;Read;Read;Bash
20260317_194106,t5_type_system,BASE,3,true,166449,144699,11,0.250677,9,8811,101562,23471,12893,end_turn,9,9,0,0,0.0,0.0,Glob,Glob;Glob;Glob;Read;Read;Glob;Grep;Grep;Grep
20260317_194106,t5_type_system,BASE,4,true,116736,94932,11,0.211569,10,5379,124419,24941,12505,end_turn,9,9,0,0,0.0,0.0,Glob,Glob;Glob;Glob;Bash;Read;Read;Read;Read;Bash
20260317_194106,t5_type_system,BASE,5,true,170518,148623,14,0.321579,13,6567,256536,38953,15136,end_turn,12,12,0,0,0.0,0.0,Glob,Glob;Glob;Bash;Bash;Read;Read;Read;Read;Read;Bash;Bash;Read
20260317_194106,t5_type_system,LSP_GUIDED,1,true,177927,154673,16,0.30207,46,8517,207851,29819,13679,end_turn,14,11,2,0,0.143,0.0,ToolSearch,ToolSearch;Glob;Glob;LSP;Glob;Read;Glob;Grep;LSP;Grep;Read;Grep;Grep;Read
20260317_194106,t5_type_system,LSP_GUIDED,2,true,122580,99372,11,0.249369,45,4938,169529,33148,12492,end_turn,9,6,2,0,0.222,0.0,ToolSearch,ToolSearch;Glob;Glob;LSP;Glob;Read;Glob;LSP;Read
20260317_194106,t5_type_system,LSP_GUIDED,3,true,158424,135152,12,0.280062,45,6887,170264,33478,13317,end_turn,10,7,2,0,0.2,0.0,ToolSearch,ToolSearch;Glob;Glob;LSP;Glob;Read;Glob;LSP;Glob;Read
20260317_194106,t5_type_system,LSP_GUIDED,4,true,155036,131493,10,0.290838,12,7718,169452,33119,13903,end_turn,8,5,2,0,0.25,0.0,ToolSearch,ToolSearch;Glob;Glob;LSP;Read;Glob;LSP;Read
20260317_194106,t5_type_system,LSP_GUIDED,5,true,125201,102481,9,0.247819,109,6228,110649,32234,12228,end_turn,8,5,2,0,0.25,0.0,Bash,Bash;ToolSearch;Glob;Glob;LSP;LSP;Read;Read
20260317_194106,t5_type_system,LSP,1,true,132427,110694,11,0.27774,10,5197,220251,35648,11811,end_turn,10,10,0,0,0.0,0.0,Bash,Bash;Read;Glob;Glob;Glob;Read;Grep;Grep;Read;Grep
20260317_194106,t5_type_system,LSP,2,true,148636,126520,9,0.301722,9,8035,182099,33744,12159,end_turn,7,7,0,0,0.0,0.0,Read,Read;Glob;Glob;Glob;Read;Grep;Grep
20260317_194106,t5_type_system,LSP,3,true,110031,88317,8,0.214437,7,5005,87296,30174,13763,end_turn,6,6,0,0,0.0,0.0,Glob,Glob;Glob;Glob;Glob;Read;Read
20260317_194106,t5_type_system,LSP,4,true,154227,132590,13,0.309752,11,8092,291208,26927,13204,end_turn,11,11,0,0,0.0,0.0,Read,Read;Glob;Glob;Glob;Read;Read;Grep;Grep;Grep;Grep;Grep
20260317_194106,t5_type_system,LSP,5,true,126527,104762,3,0.284782,7,3557,47550,14242,9183,end_turn,1,0,0,0,0.0,0.0,Agent,Agent
20260317_194106,t5_type_system,TG_GUIDED,1,true,156115,119960,19,0.29124,15,6944,255449,29440,13873,end_turn,18,16,0,2,0.0,0.111,Bash,Bash;mcp__type-guessr__search_methods;Glob;Glob;Glob;Read;Glob;mcp__type-guessr__search_methods;Glob;Read;Glob;Glob;Glob;Grep;Grep;Grep;Grep;Grep
20260317_194106,t5_type_system,TG_GUIDED,2,true,160920,127925,17,0.282198,1670,7100,209274,28775,12951,end_turn,15,13,0,2,0.0,0.133,mcp__type-guessr__search_methods,mcp__type-guessr__search_methods;Glob;Glob;Glob;Read;Glob;mcp__type-guessr__search_methods;Glob;Read;Read;Read;Grep;Grep;Grep;Read
20260317_194106,t5_type_system,TG_GUIDED,3,true,164927,129154,18,0.28478,14,7472,230002,27642,12805,end_turn,17,15,0,2,0.0,0.118,Bash,Bash;mcp__type-guessr__search_methods;Glob;Glob;Glob;Read;Glob;mcp__type-guessr__search_methods;Glob;Read;Glob;Glob;Glob;Grep;Grep;Grep;Grep
20260317_194106,t5_type_system,TG_GUIDED,4,true,137715,105500,14,0.213833,12,5584,175581,20630,11309,end_turn,13,11,0,2,0.0,0.154,Bash,Bash;mcp__type-guessr__search_methods;Glob;Glob;Glob;Read;Glob;mcp__type-guessr__search_methods;Glob;Read;Grep;Grep;Grep
20260317_194106,t5_type_system,TG_GUIDED,5,true,121444,85238,15,0.218265,1668,4916,139094,26078,10582,end_turn,13,11,0,2,0.0,0.154,mcp__type-guessr__search_methods,mcp__type-guessr__search_methods;Glob;Glob;Grep;Read;Glob;mcp__type-guessr__search_methods;Glob;Read;Read;Grep;Grep;Read
20260317_194106,t5_type_system,TG_NATURAL,1,true,135201,101898,16,0.271347,1670,5801,202165,31646,12835,end_turn,14,13,0,1,0.0,0.071,Glob,Glob;Glob;Glob;Read;Glob;mcp__type-guessr__search_methods;Glob;Read;Read;Read;Grep;Grep;Read;Read
20260317_194106,t5_type_system,TG_NATURAL,2,true,152310,118826,11,0.188004,9,5126,72529,23821,13214,end_turn,9,8,0,1,0.0,0.111,mcp__type-guessr__search_methods,mcp__type-guessr__search_methods;Glob;Glob;Glob;Read;Glob;Glob;Read;Read
20260317_194106,t5_type_system,TG_NATURAL,3,true,146734,113642,11,0.220266,10,5618,133746,25558,13330,end_turn,9,9,0,0,0.0,0.0,Glob,Glob;Glob;Glob;Read;Read;Read;Read;Grep;Grep
20260317_194106,t5_type_system,TG_NATURAL,4,true,132432,98988,13,0.222511,11,5329,156592,25484,12114,end_turn,11,11,0,0,0.0,0.0,Glob,Glob;Glob;Glob;Read;Glob;Read;Read;Read;Read;Grep;Grep
20260317_194106,t5_type_system,TG_NATURAL,5,true,152658,118693,15,0.262079,12,6115,171051,31734,13892,end_turn,13,13,0,0,0.0,0.0,Glob,Glob;Glob;Read;Glob;Glob;Glob;Read;Glob;Grep;Grep;Read;Grep;Grep
20260317_194106,t6_code_index,BASE,1,true,134185,112930,25,0.281368,13,6407,222402,31601,13253,end_turn,23,23,0,0,0.0,0.0,Grep,Grep;Glob;Read;Grep;Read;Read;Read;Read;Read;Read;Read;Read;Read;Read;Read;Read;Read;Read;Read;Read;Read;Read;Read
20260317_194106,t6_code_index,BASE,2,true,242145,220709,29,0.387144,15,10277,312841,37091,15104,end_turn,28,28,0,0,0.0,0.0,Bash,Bash;Grep;Glob;Glob;Grep;Read;Read;Read;Read;Read;Read;Read;Read;Read;Read;Read;Read;Read;Read;Read;Read;Read;Read;Read;Read;Read;Read;Read
20260317_194106,t6_code_index,BASE,3,true,124116,102936,19,0.376685,12,6082,262570,55106,14237,end_turn,17,17,0,0,0.0,0.0,Glob,Glob;Grep;Grep;Grep;Read;Glob;Read;Read;Read;Read;Read;Read;Read;Read;Read;Read;Grep
20260317_194106,t6_code_index,BASE,4,true,264197,242700,47,0.438638,21,8789,497940,41962,12969,end_turn,45,45,0,0,0.0,0.0,Grep,Grep;Glob;Glob;Grep;Grep;Grep;Grep;Read;Grep;Grep;Grep;Grep;Grep;Grep;Grep;Grep;Grep;Grep;Grep;Read;Read;Read;Read;Read;Read;Read;Read;Read;Read;Read;Read;Read;Read;Read;Read;Read;Read;Read;Read;Read;Read;Read;Read;Read;Grep
20260317_194106,t6_code_index,BASE,5,true,174889,153045,22,0.324954,13,5774,307913,38915,12209,end_turn,20,20,0,0,0.0,0.0,Grep,Grep;Glob;Glob;Grep;Read;Read;Read;Read;Read;Read;Read;Read;Read;Read;Read;Read;Read;Read;Read;Read
20260317_194106,t6_code_index,LSP_GUIDED,1,true,182764,161247,17,0.470461,8,8952,57336,85055,13133,end_turn,16,15,0,0,0.0,0.0,Bash,Bash;ToolSearch;Grep;Glob;Read;Read;Read;Read;Read;Read;Read;Read;Read;Read;Read;Read
20260317_194106,t6_code_index,LSP_GUIDED,2,true,146473,125325,17,0.279538,11,7465,157432,32080,12870,end_turn,16,15,0,0,0.0,0.0,Bash,Bash;ToolSearch;Grep;Glob;Grep;Glob;Read;Read;Read;Read;Read;Read;Grep;Read;Read;Read
20260317_194106,t6_code_index,LSP_GUIDED,3,true,128560,107072,14,0.281986,11,7233,153682,33961,11762,end_turn,13,12,0,0,0.0,0.0,Bash,Bash;ToolSearch;Grep;Grep;Glob;Grep;Read;Read;Read;Read;Read;Read;Read
20260317_194106,t6_code_index,LSP_GUIDED,4,true,127754,106225,18,0.413963,11,6124,217167,68512,13907,end_turn,17,16,0,0,0.0,0.0,Bash,Bash;ToolSearch;Grep;Grep;Bash;Read;Read;Read;Read;Read;Read;Read;Read;Read;Read;Grep;Grep
20260317_194106,t6_code_index,LSP_GUIDED,5,true,149250,127923,18,0.462705,9,7946,77909,85364,13072,end_turn,16,15,0,0,0.0,0.0,ToolSearch,ToolSearch;Grep;Grep;Grep;Read;Read;Read;Read;Read;Read;Read;Read;Read;Read;Read;Read
20260317_194106,t6_code_index,LSP,1,true,101235,79594,16,0.35953,8,4734,190241,61713,10593,end_turn,14,14,0,0,0.0,0.0,Grep,Grep;Glob;Read;Read;Read;Read;Read;Read;Read;Read;Read;Grep;Grep;Grep
20260317_194106,t6_code_index,LSP,2,true,131545,110090,17,0.407544,7,7088,97548,72517,11627,end_turn,15,15,0,0,0.0,0.0,Grep,Grep;Glob;Read;Grep;Grep;Read;Read;Read;Read;Read;Read;Read;Read;Read;Read
20260317_194106,t6_code_index,LSP,3,true,131634,110243,15,0.440671,6,7574,56968,82654,13668,end_turn,14,14,0,0,0.0,0.0,Bash,Bash;Grep;Glob;Read;Read;Read;Read;Read;Read;Read;Read;Read;Read;Read
20260317_194106,t6_code_index,LSP,4,true,171301,149533,18,0.436168,10,7044,251381,68017,17553,end_turn,16,16,0,0,0.0,0.0,Grep,Grep;Glob;Read;Grep;Read;Read;Read;Read;Read;Read;Read;Read;Read;Read;Grep;Grep
20260317_194106,t6_code_index,LSP,5,true,114085,92796,16,0.387422,9,5184,208990,65850,12865,end_turn,15,15,0,0,0.0,0.0,Bash,Bash;Grep;Glob;Read;Grep;Read;Read;Read;Read;Read;Read;Read;Read;Read;Read
20260317_194106,t6_code_index,TG_GUIDED,1,true,179507,147684,29,0.468883,16,8992,468370,51585,17148,end_turn,28,26,0,2,0.0,0.071,Bash,Bash;mcp__type-guessr__search_methods;Grep;Read;Glob;Read;mcp__type-guessr__get_method_sources;Read;Read;Read;Read;Read;Read;Read;Read;Read;Read;Read;Read;Read;Read;Read;Read;Read;Read;Read;Read;Read
20260317_194106,t6_code_index,TG_GUIDED,2,true,176411,144135,26,0.385586,12,6456,255330,56563,12250,end_turn,25,23,0,2,0.0,0.08,Bash,Bash;Grep;mcp__type-guessr__search_methods;Grep;mcp__type-guessr__search_methods;Read;Glob;Read;Read;Read;Read;Read;Read;Read;Read;Read;Read;Read;Read;Read;Read;Read;Read;Read;Grep
20260317_194106,t6_code_index,TG_GUIDED,3,true,145486,114091,22,0.277338,13,6957,223005,28278,11838,end_turn,21,17,0,4,0.0,0.19,Bash,Bash;Grep;mcp__type-guessr__search_methods;mcp__type-guessr__get_method_sources;Grep;mcp__type-guessr__get_method_sources;Grep;mcp__type-guessr__get_method_sources;Grep;Read;Read;Read;Read;Read;Read;Read;Read;Read;Read;Read;Read
20260317_194106,t6_code_index,TG_GUIDED,4,true,155571,124424,33,0.328288,17,7880,341100,28722,12720,end_turn,31,24,0,7,0.0,0.226,mcp__type-guessr__search_methods,mcp__type-guessr__search_methods;Grep;mcp__type-guessr__get_method_sources;mcp__type-guessr__get_method_sources;Grep;Glob;Read;mcp__type-guessr__get_method_sources;mcp__type-guessr__search_methods;Grep;Grep;mcp__type-guessr__get_method_sources;Grep;mcp__type-guessr__search_methods;Grep;Read;Read;Read;Grep;Read;Read;Read;Grep;Grep;Grep;Grep;Read;Read;Read;Read;Read
20260317_194106,t6_code_index,TG_GUIDED,5,true,226930,195378,30,0.344481,16,7203,332885,36406,13821,end_turn,29,27,0,2,0.0,0.069,Bash,Bash;mcp__type-guessr__search_methods;Grep;mcp__type-guessr__search_methods;Grep;Glob;Grep;Read;Read;Read;Read;Read;Read;Read;Read;Read;Read;Read;Read;Read;Read;Read;Read;Read;Read;Read;Read;Read;Read
20260317_194106,t6_code_index,TG_NATURAL,1,true,195968,163390,21,0.348378,11,6774,219924,48202,13025,end_turn,20,20,0,0,0.0,0.0,Bash,Bash;Grep;Glob;Glob;Grep;Read;Read;Read;Read;Read;Read;Grep;Read;Read;Read;Read;Read;Read;Read;Read
20260317_194106,t6_code_index,TG_NATURAL,2,true,172680,140099,19,0.243472,11,5722,159076,29303,12938,end_turn,17,16,0,1,0.0,0.059,Grep,Grep;mcp__type-guessr__search_methods;Glob;Grep;Grep;Read;Read;Read;Read;Read;Read;Read;Read;Read;Read;Read;Read
20260317_194106,t6_code_index,TG_NATURAL,3,true,135622,103964,15,0.333301,8,6377,113510,54285,17041,end_turn,13,13,0,0,0.0,0.0,Grep,Grep;Glob;Read;Read;Read;Read;Read;Read;Read;Read;Read;Read;Read
20260317_194106,t6_code_index,TG_NATURAL,4,true,172730,140735,27,0.394987,16,7705,344462,46940,15950,end_turn,26,25,0,1,0.0,0.038,Bash,Bash;Grep;mcp__type-guessr__search_methods;Glob;Grep;Grep;Read;Read;Read;Read;Read;Read;Read;Read;Read;Read;Read;Read;Read;Read;Read;Read;Read;Read;Read;Read
20260317_194106,t6_code_index,TG_NATURAL,5,true,129048,97634,18,0.363457,11,5071,227552,58425,11735,end_turn,16,16,0,0,0.0,0.0,Grep,Grep;Glob;Read;Grep;Grep;Grep;Read;Read;Read;Read;Read;Read;Read;Read;Read;Grep
20260317_194106,t7_union_method_bug,BASE,1,true,313926,291911,22,0.605612,11208,12168,490313,64633,6215,end_turn,20,20,0,0,0.0,0.0,Read,Read;Bash;Bash;Bash;Bash;Read;Read;Read;Read;Grep;Read;Bash;Glob;Read;Read;Grep;Grep;Grep;Grep;Read
20260317_194106,t7_union_method_bug,BASE,2,true,463611,441557,33,1.147508,6767,25637,1332883,91410,8161,end_turn,32,32,0,0,0.0,0.0,Bash,Bash;Read;Glob;Glob;Read;Read;Read;Read;Read;Grep;Read;Read;Read;Read;Glob;Glob;Grep;Read;Grep;Bash;Read;Read;Grep;Grep;Grep;Read;Read;Glob;Glob;Read;Read;Read
20260317_194106,t7_union_method_bug,BASE,3,true,160202,138400,18,0.460902,13,7489,396535,61218,6885,end_turn,16,16,0,0,0.0,0.0,Read,Read;Bash;Bash;Bash;Read;Read;Read;Read;Read;Read;Bash;Bash;Read;Read;Bash;Read
20260317_194106,t7_union_method_bug,BASE,4,true,490591,465152,31,1.036668,24,24266,1215521,82120,7461,end_turn,29,29,0,0,0.0,0.0,Read,Read;Glob;Bash;Read;Read;Read;Read;Read;Read;Read;Bash;Bash;Bash;Bash;Bash;Bash;Bash;Bash;Bash;Read;Bash;Bash;Bash;Bash;Bash;Bash;Bash;Bash;Bash
20260317_194106,t7_union_method_bug,BASE,5,true,191239,169746,17,0.396923,6755,8458,325914,40537,5782,end_turn,15,15,0,0,0.0,0.0,Read,Read;Glob;Glob;Read;Read;Read;Glob;Read;Read;Read;Glob;Grep;Grep;Grep;Grep
20260317_194106,t7_union_method_bug,LSP_GUIDED,1,true,433587,411888,14,0.690203,11,21885,270028,74903,8383,end_turn,13,12,0,0,0.0,0.0,Bash,Bash;ToolSearch;Bash;Read;Read;Read;Read;Read;Read;Glob;Read;Read;Grep
20260317_194106,t7_union_method_bug,LSP_GUIDED,2,true,297214,275560,20,0.670694,16,15186,619688,68520,5752,end_turn,19,18,0,0,0.0,0.0,Bash,Bash;ToolSearch;Glob;Read;Read;Read;Read;Read;Read;Grep;Grep;Glob;Grep;Glob;Grep;Read;Read;Grep;Read
20260317_194106,t7_union_method_bug,LSP_GUIDED,3,true,347080,325125,21,0.73593,18,17808,713982,67883,5429,end_turn,20,19,0,0,0.0,0.0,Bash,Bash;ToolSearch;Glob;Read;Read;Read;Glob;Read;Grep;Read;Grep;Grep;Bash;Bash;Bash;Bash;Bash;Read;Read;Read
20260317_194106,t7_union_method_bug,LSP_GUIDED,4,true,272768,251138,14,0.460372,11,11539,243750,57101,6691,end_turn,13,12,0,0,0.0,0.0,Bash,Bash;ToolSearch;Bash;Read;Read;Read;Read;Grep;Read;Read;Bash;Bash;Read
20260317_194106,t7_union_method_bug,LSP_GUIDED,5,true,344308,322525,18,0.633852,15,15032,540951,65611,6245,end_turn,17,16,0,0,0.0,0.0,Bash,Bash;ToolSearch;Glob;Read;Read;Read;Read;Read;Read;Grep;Glob;Grep;Grep;Grep;Glob;Glob;Grep
20260317_194106,t7_union_method_bug,LSP,1,true,116460,94744,3,0.26107,7,1843,47674,12498,4045,end_turn,1,0,0,0,0.0,0.0,Agent,Agent
20260317_194106,t7_union_method_bug,LSP,2,true,243634,222102,19,0.502938,13,10446,470491,54683,5466,end_turn,17,17,0,0,0.0,0.0,Bash,Bash;Read;Read;Read;Read;Read;Grep;Grep;Grep;Grep;Bash;Bash;Bash;Bash;Bash;Bash;Read
20260317_194106,t7_union_method_bug,LSP,3,true,209772,188238,3,0.289783,7,1805,47669,12858,3842,end_turn,1,0,0,0,0.0,0.0,Agent,Agent
20260317_194106,t7_union_method_bug,LSP,4,true,182123,160333,3,0.274966,7,1792,42460,9873,3716,end_turn,1,0,0,0,0.0,0.0,Agent,Agent
20260317_194106,t7_union_method_bug,LSP,5,true,191115,169385,3,0.299155,7,1885,47669,11971,4174,end_turn,1,0,0,0,0.0,0.0,Agent,Agent
20260317_194106,t7_union_method_bug,TG_GUIDED,1,true,650592,617639,42,1.372853,38,33550,1909247,79124,5815,end_turn,40,35,0,5,0.0,0.125,Read,Read;mcp__type-guessr__search_methods;Glob;Read;Read;Read;Read;Read;Glob;Glob;Read;Glob;Glob;Bash;Bash;Bash;Grep;Grep;Read;Grep;mcp__type-guessr__get_method_sources;mcp__type-guessr__search_methods;Grep;Read;Bash;Read;mcp__type-guessr__get_method_sources;mcp__type-guessr__get_method_sources;Bash;Bash;Grep;Read;Grep;Grep;Grep;Read;Bash;Bash;Bash;Bash
20260317_194106,t7_union_method_bug,TG_GUIDED,2,true,633915,599628,50,1.109924,41,31123,1428862,57146,6580,end_turn,49,25,0,24,0.0,0.49,Bash,Bash;Read;mcp__type-guessr__search_methods;Glob;mcp__type-guessr__search_methods;Read;mcp__type-guessr__search_methods;mcp__type-guessr__get_method_sources;mcp__type-guessr__search_methods;mcp__type-guessr__get_method_sources;mcp__type-guessr__get_method_sources;mcp__type-guessr__search_methods;mcp__type-guessr__get_method_sources;Grep;mcp__type-guessr__get_method_sources;mcp__type-guessr__search_methods;mcp__type-guessr__get_method_sources;mcp__type-guessr__get_method_sources;Grep;Read;Grep;Grep;Glob;Grep;Grep;Grep;Read;mcp__type-guessr__search_methods;Grep;mcp__type-guessr__get_method_sources;Bash;Grep;Grep;Bash;Bash;mcp__type-guessr__get_method_sources;mcp__type-guessr__search_methods;mcp__type-guessr__get_method_sources;mcp__type-guessr__search_methods;mcp__type-guessr__get_method_sources;Grep;Read;mcp__type-guessr__search_methods;mcp__type-guessr__get_method_sources;mcp__type-guessr__get_method_sources;mcp__type-guessr__get_method_sources;Grep;Glob;Grep
20260317_194106,t7_union_method_bug,TG_GUIDED,3,true,277338,244579,31,0.494954,26,11929,604023,35929,4881,end_turn,30,12,0,18,0.0,0.6,Bash,Bash;Read;mcp__type-guessr__search_methods;Glob;Read;mcp__type-guessr__get_method_sources;mcp__type-guessr__search_methods;mcp__type-guessr__search_methods;mcp__type-guessr__search_methods;mcp__type-guessr__search_methods;mcp__type-guessr__search_methods;Grep;mcp__type-guessr__get_method_sources;mcp__type-guessr__search_methods;mcp__type-guessr__get_method_sources;mcp__type-guessr__get_method_sources;mcp__type-guessr__search_methods;Glob;Grep;Grep;Glob;Grep;mcp__type-guessr__get_method_sources;mcp__type-guessr__search_methods;mcp__type-guessr__get_method_sources;mcp__type-guessr__search_methods;mcp__type-guessr__get_method_sources;mcp__type-guessr__get_method_sources;Read;Read
20260317_194106,t7_union_method_bug,TG_GUIDED,4,true,584904,552331,38,1.456855,6776,26839,2309200,90982,9362,end_turn,37,37,0,0,0.0,0.0,Bash,Bash;Read;Glob;Glob;Read;Read;Read;Read;Read;Read;Read;Grep;Read;Grep;Bash;Bash;Read;Bash;Read;Bash;Read;Bash;Read;Bash;Bash;Bash;Read;Bash;Glob;Bash;Bash;Read;Bash;Bash;Read;Bash;Read
20260317_194106,t7_union_method_bug,TG_GUIDED,5,true,416681,376196,30,0.687942,23,18337,733135,51434,6143,end_turn,29,20,0,9,0.0,0.31,Bash,Bash;Read;mcp__type-guessr__search_methods;mcp__type-guessr__search_methods;mcp__type-guessr__search_methods;mcp__type-guessr__get_method_sources;mcp__type-guessr__search_methods;mcp__type-guessr__search_methods;Glob;Read;Read;Read;Read;Glob;Grep;Grep;Grep;Grep;Read;mcp__type-guessr__search_methods;mcp__type-guessr__get_method_sources;Read;Grep;Grep;Read;mcp__type-guessr__get_method_sources;Read;Read;Read
20260317_194106,t7_union_method_bug,TG_NATURAL,1,true,336676,304480,21,0.637481,14,15853,445147,70960,7201,end_turn,19,19,0,0,0.0,0.0,Read,Read;Glob;Glob;Read;Read;Read;Read;Read;Glob;Read;Grep;Read;Grep;Read;Read;Glob;Bash;Read;Read
20260317_194106,t7_union_method_bug,TG_NATURAL,2,true,752800,720673,31,1.524379,23,42111,1474635,120068,7021,end_turn,29,29,0,0,0.0,0.0,Read,Read;Glob;Glob;Glob;Read;Read;Read;Read;Read;Read;Grep;Grep;Read;Read;Read;Grep;Grep;Grep;Read;Glob;Read;Bash;Bash;Read;Read;Read;Read;Grep;Read
20260317_194106,t7_union_method_bug,TG_NATURAL,3,true,274661,242883,19,0.565419,12,13179,371960,68296,7132,end_turn,17,17,0,0,0.0,0.0,Read,Read;Glob;Glob;Glob;Read;Read;Read;Read;Read;Grep;Read;Grep;Grep;Glob;Bash;Read;Read
20260317_194106,t7_union_method_bug,TG_NATURAL,4,true,427687,396139,26,0.896499,17441,19019,790219,85820,8336,end_turn,24,24,0,0,0.0,0.0,Read,Read;Glob;Glob;Read;Read;Read;Read;Read;Read;Read;Glob;Read;Grep;Grep;Grep;Grep;Read;Read;Bash;Read;Glob;Glob;Read;Read
20260317_194106,t7_union_method_bug,TG_NATURAL,5,true,659540,624137,51,1.471226,551,34724,2202302,76806,7305,end_turn,49,49,0,0,0.0,0.0,Read,Read;Glob;Bash;Bash;Bash;Read;Read;Bash;Read;Grep;Bash;Grep;Grep;Read;Read;Read;Bash;Grep;Read;Bash;Grep;Read;Read;Bash;Grep;Grep;Read;Read;Grep;Read;Grep;Grep;Read;Bash;Grep;Grep;Bash;Bash;Grep;Bash;Bash;Bash;Read;Grep;Read;Bash;Grep;Read;Read
